{
  "eslint.config.mjs": 1776610978.7770066,
  "next.config.ts": 1776610978.7957802,
  "postcss.config.mjs": 1776610978.7992857,
  "proxy.ts": 1776610978.7992857,
  "tailwind.config.ts": 1776610978.7992857,
  "app\\layout.tsx": 1776610978.7450762,
  "app\\manifest.ts": 1776610978.7450762,
  "app\\page.tsx": 1776610978.7460773,
  "app\\auth\\confirm\\route.ts": 1776610978.7324312,
  "app\\auth\\error\\page.tsx": 1776610978.7337513,
  "app\\auth\\login\\page.tsx": 1776610978.7347486,
  "app\\auth\\sign-up\\page.tsx": 1776610978.735749,
  "app\\auth\\sign-up-success\\page.tsx": 1776610978.7347486,
  "app\\dashboard\\layout.tsx": 1776610978.7388432,
  "app\\dashboard\\page.tsx": 1776610978.7400818,
  "app\\dashboard\\competitions\\page.tsx": 1776610978.7378385,
  "app\\dashboard\\profile\\page.tsx": 1776610978.7400818,
  "app\\dashboard\\programs\\page.tsx": 1776610978.7420805,
  "app\\dashboard\\programs\\[id]\\page.tsx": 1776610978.7410896,
  "app\\dashboard\\stats\\page.tsx": 1776610978.7430782,
  "app\\dashboard\\tools\\page.tsx": 1776610978.7430782,
  "components\\attempt-selection.tsx": 1776610978.7470906,
  "components\\attempts-table.tsx": 1776610978.748643,
  "components\\block-detail.tsx": 1776610978.748643,
  "components\\block-sidebar.tsx": 1776610978.7498207,
  "components\\competition-detail.tsx": 1776610978.7498207,
  "components\\competition-sidebar.tsx": 1776610978.7508256,
  "components\\competition-stats.tsx": 1776610978.7508256,
  "components\\competitions-page.tsx": 1776610978.7522836,
  "components\\create-day-dialog.tsx": 1776610978.7522836,
  "components\\day-card.tsx": 1776610978.7532825,
  "components\\day-grid.tsx": 1776610978.7542846,
  "components\\e1rm-chart.tsx": 1776610978.755296,
  "components\\export-for-ai-button.tsx": 1776610978.755296,
  "components\\fatigue-chart.tsx": 1776610978.755296,
  "components\\import-block-dialog.tsx": 1776611070.6848092,
  "components\\import-day-dialog.tsx": 1776610978.7572944,
  "components\\import-week-dialog.tsx": 1776611076.3539758,
  "components\\inline-edit.tsx": 1776610978.7588131,
  "components\\intensity-chart.tsx": 1776610978.7588131,
  "components\\ipf-gl-calculator.tsx": 1776610978.7598288,
  "components\\login-form.tsx": 1776610978.7598288,
  "components\\logout-button.tsx": 1776610978.7608192,
  "components\\mobile-cell-panel.tsx": 1776610978.7608192,
  "components\\mobile-nav.tsx": 1776610978.7608192,
  "components\\nav-links.tsx": 1776610978.761819,
  "components\\one-rm-calculator.tsx": 1776610978.761819,
  "components\\profile-page.tsx": 1776610978.762825,
  "components\\program-detail.tsx": 1776610978.762825,
  "components\\program-list.tsx": 1776610978.76387,
  "components\\rpe-calculator.tsx": 1776610978.76387,
  "components\\sign-up-form.tsx": 1776610978.7648857,
  "components\\sortable-column-header.tsx": 1776610978.7648857,
  "components\\sortable-row.tsx": 1776610978.7648857,
  "components\\stats-detail.tsx": 1776610978.7663336,
  "components\\stats-page.tsx": 1776610978.7673328,
  "components\\stats-sidebar.tsx": 1776610978.7673328,
  "components\\tools-page.tsx": 1776610978.7673328,
  "components\\volume-chart.tsx": 1776610978.7760067,
  "components\\week-content.tsx": 1776610978.7760067,
  "components\\weekly-load-table.tsx": 1776610978.7770066,
  "components\\ui\\badge.tsx": 1776610978.7688475,
  "components\\ui\\button.tsx": 1776610978.7688475,
  "components\\ui\\card.tsx": 1776610978.76986,
  "components\\ui\\checkbox.tsx": 1776610978.76986,
  "components\\ui\\dialog.tsx": 1776610978.7708569,
  "components\\ui\\dropdown-menu.tsx": 1776610978.7708569,
  "components\\ui\\input.tsx": 1776610978.771856,
  "components\\ui\\label.tsx": 1776610978.7740834,
  "components\\ui\\popover.tsx": 1776610978.7740834,
  "components\\ui\\select.tsx": 1776610978.7750075,
  "components\\ui\\tabs.tsx": 1776610978.7750075,
  "components\\ui\\textarea.tsx": 1776610978.7750075,
  "hooks\\use-grid-selection.ts": 1776610978.7770066,
  "lib\\attempt-selection.ts": 1776610978.7785132,
  "lib\\ipf-gl.ts": 1776610978.7877562,
  "lib\\rpe-chart.ts": 1776610978.7882638,
  "lib\\utils.ts": 1776610978.7947803,
  "lib\\weight-prediction.ts": 1776610978.7957802,
  "lib\\contexts\\block-cache-context.tsx": 1776610978.7785132,
  "lib\\contexts\\prediction-context.tsx": 1776610978.7795205,
  "lib\\db\\base-table.ts": 1776610978.7795205,
  "lib\\db\\block-table.ts": 1776610978.780521,
  "lib\\db\\competition-table.ts": 1776610978.780521,
  "lib\\db\\day-column-table.ts": 1776610978.780521,
  "lib\\db\\day-row-table.ts": 1776610978.780521,
  "lib\\db\\day-table.ts": 1776610978.7815273,
  "lib\\db\\index.ts": 1776610978.7825289,
  "lib\\db\\program-table.ts": 1776610978.7825289,
  "lib\\db\\stats-settings-table.ts": 1776610978.7825289,
  "lib\\db\\week-table.ts": 1776610978.7825289,
  "lib\\engines\\cell-mutation-batcher.ts": 1776610978.783528,
  "lib\\engines\\clipboard-engine.ts": 1776610978.783528,
  "lib\\engines\\import-engine.ts": 1776610978.7845283,
  "lib\\engines\\selection-engine.ts": 1776610978.785758,
  "lib\\import\\parse.ts": 1776610978.7867565,
  "lib\\stats\\computations.ts": 1776610978.7887712,
  "lib\\stats\\e1rm-computations.ts": 1776610978.7887712,
  "lib\\stats\\format-export.ts": 1776610978.789781,
  "lib\\stats\\index.ts": 1776610978.789781,
  "lib\\stats\\lift-parser.ts": 1776610978.789781,
  "lib\\stats\\load-hierarchy.ts": 1776610978.790791,
  "lib\\stats\\stats-engine.ts": 1776610978.790791,
  "lib\\stats\\types.ts": 1776610978.7917805,
  "lib\\stores\\block-store.ts": 1776610978.79278,
  "lib\\supabase\\client.ts": 1776610978.79278,
  "lib\\supabase\\proxy.ts": 1776610978.79278,
  "lib\\supabase\\server.ts": 1776610978.7937796,
  "lib\\types\\database.ts": 1776610978.7937796,
  "lib\\types\\import.ts": 1776610978.7947803,
  "lib\\types\\rpe.ts": 1776610978.7947803,
  "CLAUDE.md": 1776613642.98147,
  "README.md": 1776610978.731431
}